รถยนต์,ชื่อ,นามสกุล,เบอร์โทร,อีเมล,เลขประจำตัวประชาชน,วันเริ่มต้นการเช่า,วันสิ้นสุดการเช่า,สถานที่,วันที่บันทึก,วิธีการชำระ,ชื่อบนบัตรหรือชื่อบัญชี,หมายเลขบัตรหรือรหัสอ้างอิง,เวลาหรือ cvv,วันเดือนปีหรือวันหมดอายุ,จำนวนเงิน
Toyota Fortuner,Tapat,Toungsakul,0982625255,nnrpwg10@gmail.com,1749901137596,2026-04-19,2026-04-21,SKN-CentralMahachai,2026-04-18,Credit-Card,Tapat_Toungsakul,1111111111111111,1111,12/26,8400
Honda CR-V,Sarinya,Toungsakul,0819424507,tapat.toun@kmutt.ac.th,1749501147591,2026-04-19,2026-04-21,Self-Pickup,2026-04-18,Promptpay,Sarinya_Toungsakul,9111,19:58,18/04/2026,6600
Isuzu MU-X,Peter,Griffin,0975461243,Toungsakul2@gmail.com,1744401737596,2026-04-19,2026-04-21,Self-Pickup,2026-04-18,Bank-Transfer,Peter_Griffin,1754,20:00,18/04/2026,7800
Toyota Alphard,Robert,Newson,0854467318,Toungsakul2@gmail.com,1744401737597,2026-04-20,2026-04-20,Self-Pickup,2026-04-18,Credit-Card,Robert_Newson,1234567890123456,1147,09/26,6500
Honda Civic,Patya,udomsuk,0948526645,nnrpwg10@gmail.com,1749901166666,2026-04-20,2026-04-22,BKK-RAMA2,2026-04-19,Promptpay,Patya_udomsuk,1754,15:21,19/04/2026,6200
Ford Everest,ICE,Jirayu,0875165224,nnrpwg10@gmail.com,1749901166666,2026-04-20,2026-04-22,SKN-KrathumBaen,2026-04-19,Promptpay,ICE,1757,20:11,19/04/2026,8800
Toyota Innova,Janyapin,tongkong,0963852741,nnrpwg10@gmail.com,1749901166666,2026-04-20,2026-04-29,Self-Pickup,2026-04-19,Bank-Transfer,jirapong,1259,10:30,19/04/2026,14200
Honda Civic,A,A,0957155555,nnrpwg10@gmail.com,1749901166666,2026-04-23,2026-04-25,Self-Pickup,2026-04-19,Promptpay,jirapong,1259,23:44,19/04/2026,6200
Honda CR-V,B,B,0111111111,nnrpwg10@gmail.com,1749901166666,2026-05-20,2026-05-22,Self-Pickup,2026-04-19,Bank-Transfer,jirapong,1259,11:41,19/04/2026,7600
Toyota Fortuner,F,F,0475425255,nnrpwg10@gmail.com,1749901166666,2026-05-20,2026-05-22,Self-Pickup,2026-04-19,Promptpay,jirapong,1259,22:10,19/04/2026,8400
Toyota Camry,T,T,0875432357,nnrpwg10@gmail.com,1749901166666,2026-04-20,2026-04-22,SKN-ThaChalom,2026-04-19,Promptpay,jirapong,1259,23:35,19/04/2026,5800
Honda CR-V,T,J,0658949845,nnrpwg10@gmail.com,1749901166666,2026-04-26,2026-04-29,Self-Pickup,2026-04-19,Bank-Transfer,Robert,1255,21:21,19/04/2026,9400
Toyota Fortuner,Q,W,0484516555,nnrpwg10@gmail.com,1749901166666,2026-04-29,2026-04-30,SKN-CentralMahachai,2026-04-19,Promptpay,Robert,1245,12:15,19/04/2026,6200
Ford Everest,D,D,4245220210,nnrpwg10@gmail.com,1749901166666,2026-05-01,2026-05-01,Self-Pickup,2026-04-19,Promptpay,Robert,1245,12:42,19/04/2026,6400
Toyota Fortuner,Auto,TT,0985467133,nnrpwg10@gmail.com,1749901166666,2026-06-20,2026-06-21,SKN-Banphaeo,2026-04-19,Promptpay,AUTOTT,1544,12:45,19/04/2026,6200
Toyota Vios,Test,Ter,0864887544,nnrpwg10@gmail.com,1749901166666,2026-04-20,2026-04-22,BKK-Thonburi,2026-04-19,Promptpay,AUTOTT,1544,23:32,19/04/2026,5700
Mazda CX-5,AUTO,TESTER,0982625255,nnrpwg10@gmail.com,1749901166666,2026-04-20,2026-04-22,BKK-RAMA2,2026-04-19,Promptpay,AUTOTT,1544,19:48,19/04/2026,8000
Nissan Serena,ta,pat,0111111111,nnrpwg10@gmail.com,1749901166666,2026-04-20,2026-04-22,Self-Pickup,2026-04-19,Bank-Transfer,AUTOTT,1544,20:16,19/04/2026,6400
Mitsubishi Xpander,w,w,0000000000,nnrpwg10@gmail.com,1749901166666,2026-04-20,2026-04-22,Self-Pickup,2026-04-19,Bank-Transfer,AUTOTT,1544,14:24,19/04/2026,5600
Isuzu MU-X,Auto,QWERTY,0974561256,nnrpwg10@gmail.com,1749901166666,2026-06-20,2026-06-22,Self-Pickup,2026-04-19,Promptpay,AUTOTT,1544,20:38,19/04/2026,6800
Ford Everest,Tapat,Toungsakul,0982625255,nnrpwg10@gmail.com,1749901166666,2026-04-25,2026-04-27,Latitude:13.57387Longitude:100.31091,2026-04-24,Promptpay,AUTOTT,1544,14:41,19/04/2026,8000
Toyota Fortuner,Natnaree,Arthan,0982547477,nnrpwg10@gmail.com,1749901156487,2026-04-26,2026-04-28,Latitude:13.54780Longitude:100.27704,2026-04-25,Promptpay,Natnaree,8477,20:14,25/04/2026,7600
Toyota Alphard,E,Mail,0142578963,nnrpwg10@gmail.com,1749901137596,2026-04-27,2026-04-29,Self-Pickup,2026-04-26,Bank-Transfer,Natnaree,8477,14:11,25/04/2026,10000
Isuzu MU-X,A,TP,0982625255,Toungsakul2@gmail.com,1749901137596,2026-04-27,2026-04-29,Self-Pickup,2026-04-26,Promptpay,Natnaree,8477,14:22,25/04/2026,6800
Honda Civic,Q,Q,0000000000,Toungsakul2@gmail.com,1749901137596,2026-04-27,2026-04-29,Self-Pickup,2026-04-26,Promptpay,Robert,1424,14:54,09/04/2026,5200
Mazda CX-5,fufu,oioj,0000000000,toungsakul2@gmail.com,1749901137596,2026-04-27,2026-04-29,Self-Pickup,2026-04-26,Promptpay,Robert,1424,11:11,09/04/2026,7000
Toyota Camry,Isara,Hata,0622569437,toungsakul2@gmail.com,1749901137594,2026-04-27,2026-04-29,BKK-RAMA2,2026-04-26,Promptpay,TapatToungsakul,1455,19:44,26/04/2026,5800
Nissan Serena,Gorge,Peroth,0295269214,toungsakul2@gmail.com,1749901137594,2026-04-27,2026-04-29,Latitude:13.56920Longitude:100.30885,2026-04-26,Promptpay,TapatToungsakul,1451,20:09,26/04/2026,6600
Honda CR-V,Thame,wam,0965482155,ironthame@gmail.com,1749901137598,2026-04-30,2026-04-30,SKN-KrathumBaen,2026-04-27,Promptpay,Thamewam,5477,08:41,27/04/2026,5800
Mazda CX-5,Tapat,Tounsakul,0982625255,toungsakul2@gmail.com,1749901137596,2026-04-30,2026-04-30,Latitude:13.57784Longitude:100.28871,2026-04-27,Credit-Card,Tapat_Toungsakul,1234456789012345,1472,11/27,5200
Toyota Innova,Manusanun,Sriphumart,0630219736,manusanun29@icloud.com,0000000000000,2026-05-02,2026-05-04,Latitude:13.73669Longitude:100.49318,2026-04-27,Bank-Transfer,Thamewam,5477,12:00,27/04/2026,6860
